<?xml version="1.0"?>
<!--<!DOCTYPE metadata SYSTEM "http://www.esri.com/metadata/esriprof80.dtd">-->
<metadata xml:lang="nb"><Esri><CreaDate>20050512</CreaDate><CreaTime>14321500</CreaTime><SyncOnce>FALSE</SyncOnce><SyncDate>20081007</SyncDate><SyncTime>17395000</SyncTime><ModDate>20081007</ModDate><ModTime>17395000</ModTime><MetaID>{D45FE272-6696-4C1B-A3B5-E61AB48DAF42}</MetaID></Esri><idinfo><native Sync="TRUE">Microsoft Windows XP Version 5.1 (Build 2600) Service Pack 2; ESRI ArcCatalog 9.2.0.1324</native><descript><langdata Sync="TRUE">nb</langdata><abstract>REQUIRED: A brief narrative summary of the data set.</abstract><purpose>REQUIRED: A summary of the intentions with which the data set was developed.</purpose></descript><citation><citeinfo><origin>REQUIRED: The name of an organization or individual that developed the data set.</origin><pubdate>REQUIRED: The date when the data set is published or otherwise made available for release.</pubdate><title Sync="TRUE">DIADATA</title><ftname Sync="TRUE">DIADATA</ftname><geoform Sync="TRUE">vector digital data</geoform><onlink Sync="TRUE">\\SVTGEIJKR-NX\C$\Temp\DIADATA.shp</onlink></citeinfo></citation><timeperd><current>REQUIRED: The basis on which the time period of content information is determined.</current><timeinfo><sngdate><caldate>REQUIRED: The year (and optionally month, or month and day) for which the data set corresponds to the ground.</caldate></sngdate></timeinfo></timeperd><status><progress>REQUIRED: The state of the data set.</progress><update>REQUIRED: The frequency with which changes and additions are made to the data set after the initial data set is completed.</update></status><spdom><bounding><westbc Sync="TRUE">-145.030000</westbc><eastbc Sync="TRUE">161.000000</eastbc><northbc Sync="TRUE">73.250000</northbc><southbc Sync="TRUE">-37.270000</southbc></bounding><lboundng><leftbc Sync="TRUE">-145.030000</leftbc><rightbc Sync="TRUE">161.000000</rightbc><bottombc Sync="TRUE">-37.270000</bottombc><topbc Sync="TRUE">73.250000</topbc></lboundng></spdom><keywords><theme><themekt>REQUIRED: Reference to a formally registered thesaurus or a similar authoritative source of theme keywords.</themekt><themekey>REQUIRED: Common-use word or phrase used to describe the subject of the data set.</themekey></theme></keywords><accconst>REQUIRED: Restrictions and legal prerequisites for accessing the data set.</accconst><useconst>REQUIRED: Restrictions and legal prerequisites for using the data set after access is granted.</useconst><natvform Sync="TRUE">Shapefile</natvform></idinfo><dataIdInfo><envirDesc Sync="TRUE">Microsoft Windows XP Version 5.1 (Build 2600) Service Pack 2; ESRI ArcCatalog 9.2.0.1324</envirDesc><dataLang><languageCode Sync="TRUE" value="nb"></languageCode></dataLang><idCitation><resTitle Sync="TRUE">DIADATA</resTitle><presForm><PresFormCd Sync="TRUE" value="005"></PresFormCd></presForm></idCitation><spatRpType><SpatRepTypCd Sync="TRUE" value="001"></SpatRepTypCd></spatRpType><dataExt><geoEle><GeoBndBox esriExtentType="native"><westBL Sync="TRUE">-145.03</westBL><eastBL Sync="TRUE">161</eastBL><northBL Sync="TRUE">73.25</northBL><southBL Sync="TRUE">-37.27</southBL><exTypeCode Sync="TRUE">1</exTypeCode></GeoBndBox></geoEle></dataExt><geoBox esriExtentType="decdegrees"><westBL Sync="TRUE">-145.03</westBL><eastBL Sync="TRUE">161</eastBL><northBL Sync="TRUE">73.25</northBL><southBL Sync="TRUE">-37.27</southBL><exTypeCode Sync="TRUE">1</exTypeCode></geoBox></dataIdInfo><metainfo><langmeta Sync="TRUE">nb</langmeta><metstdn Sync="TRUE">FGDC Content Standards for Digital Geospatial Metadata</metstdn><metstdv Sync="TRUE">FGDC-STD-001-1998</metstdv><mettc Sync="TRUE">local time</mettc><metc><cntinfo><cntorgp><cntper>REQUIRED: The person responsible for the metadata information.</cntper><cntorg>REQUIRED: The organization responsible for the metadata information.</cntorg></cntorgp><cntaddr><addrtype>REQUIRED: The mailing and/or physical address for the organization or individual.</addrtype><city>REQUIRED: The city of the address.</city><state>REQUIRED: The state or province of the address.</state><postal>REQUIRED: The ZIP or other postal code of the address.</postal></cntaddr><cntvoice>REQUIRED: The telephone number by which individuals can speak to the organization or individual.</cntvoice></cntinfo></metc><metd Sync="TRUE">20081007</metd><metextns><onlink Sync="TRUE">http://www.esri.com/metadata/esriprof80.html</onlink><metprof Sync="TRUE">ESRI Metadata Profile</metprof></metextns></metainfo><mdLang><languageCode Sync="TRUE" value="nb"></languageCode></mdLang><mdStanName Sync="TRUE">ISO 19115 Geographic Information - Metadata</mdStanName><mdStanVer Sync="TRUE">DIS_ESRI1.0</mdStanVer><mdChar><CharSetCd Sync="TRUE" value="004"></CharSetCd></mdChar><mdHrLv><ScopeCd Sync="TRUE" value="005"></ScopeCd></mdHrLv><mdHrLvName Sync="TRUE">dataset</mdHrLvName><distinfo><resdesc Sync="TRUE">Downloadable Data</resdesc><stdorder><digform><digtinfo><transize Sync="TRUE">0.031</transize><dssize Sync="TRUE">0.031</dssize></digtinfo></digform></stdorder></distinfo><distInfo><distributor><distorTran><onLineSrc><orDesc Sync="TRUE">002</orDesc><linkage Sync="TRUE">file://\\SVTGEIJKR-NX\C$\Temp\DIADATA.shp</linkage><protocol Sync="TRUE">Local Area Network</protocol></onLineSrc><transSize Sync="TRUE">0.031</transSize></distorTran><distorFormat><formatName Sync="TRUE">Shapefile</formatName></distorFormat></distributor></distInfo><spdoinfo><direct Sync="TRUE">Vector</direct><ptvctinf><esriterm Name="DIADATA"><efeatyp Sync="TRUE">Simple</efeatyp><efeageom Sync="TRUE">Point</efeageom><esritopo Sync="TRUE">FALSE</esritopo><efeacnt Sync="TRUE">1175</efeacnt><spindex Sync="TRUE">TRUE</spindex><linrefer Sync="TRUE">FALSE</linrefer></esriterm><sdtsterm Name="DIADATA"><sdtstype Sync="TRUE">Entity point</sdtstype><ptvctcnt Sync="TRUE">1175</ptvctcnt></sdtsterm></ptvctinf></spdoinfo><spref><horizsys><cordsysn><geogcsn Sync="TRUE">GCS_WGS_1984</geogcsn></cordsysn><geograph><geogunit Sync="TRUE">Decimal degrees</geogunit><latres Sync="TRUE">0.000000</latres><longres Sync="TRUE">0.000000</longres></geograph><geodetic><horizdn Sync="TRUE">D_WGS_1984</horizdn><ellips Sync="TRUE">WGS_1984</ellips><semiaxis Sync="TRUE">6378137.000000</semiaxis><denflat Sync="TRUE">298.257224</denflat></geodetic></horizsys></spref><refSysInfo><RefSystem><refSysID><identCode Sync="TRUE">GCS_WGS_1984</identCode></refSysID></RefSystem></refSysInfo><spatRepInfo><VectSpatRep><topLvl><TopoLevCd Sync="TRUE" value="001"></TopoLevCd></topLvl><geometObjs Name="DIADATA"><geoObjTyp><GeoObjTypCd Sync="TRUE" value="004"></GeoObjTypCd></geoObjTyp><geoObjCnt Sync="TRUE">1175</geoObjCnt></geometObjs></VectSpatRep></spatRepInfo><eainfo><detailed Name="DIADATA"><enttyp><enttypl Sync="TRUE">DIADATA</enttypl><enttypt Sync="TRUE">Feature Class</enttypt><enttypc Sync="TRUE">1175</enttypc></enttyp><attr><attrlabl Sync="TRUE">FID</attrlabl><attalias Sync="TRUE">FID</attalias><attrtype Sync="TRUE">OID</attrtype><attwidth Sync="TRUE">4</attwidth><atprecis Sync="TRUE">0</atprecis><attscale Sync="TRUE">0</attscale><attrdef Sync="TRUE">Internal feature number.</attrdef><attrdefs Sync="TRUE">ESRI</attrdefs><attrdomv><udom Sync="TRUE">Sequential unique whole numbers that are automatically generated.</udom></attrdomv></attr><attr><attrlabl Sync="TRUE">Shape</attrlabl><attalias Sync="TRUE">Shape</attalias><attrtype Sync="TRUE">Geometry</attrtype><attwidth Sync="TRUE">0</attwidth><atprecis Sync="TRUE">0</atprecis><attscale Sync="TRUE">0</attscale><attrdef Sync="TRUE">Feature geometry.</attrdef><attrdefs Sync="TRUE">ESRI</attrdefs><attrdomv><udom Sync="TRUE">Coordinates defining the features.</udom></attrdomv></attr><attr><attrlabl Sync="TRUE">PRIMKEY</attrlabl><attalias Sync="TRUE">PRIMKEY</attalias><attrtype Sync="TRUE">String</attrtype><attwidth Sync="TRUE">9</attwidth></attr><attr><attrlabl Sync="TRUE">COUNTRY</attrlabl><attalias Sync="TRUE">COUNTRY</attalias><attrtype Sync="TRUE">String</attrtype><attwidth Sync="TRUE">26</attwidth></attr><attr><attrlabl Sync="TRUE">FIPSCODE</attrlabl><attalias Sync="TRUE">FIPSCODE</attalias><attrtype Sync="TRUE">String</attrtype><attwidth Sync="TRUE">10</attwidth></attr><attr><attrlabl Sync="TRUE">COWCODE</attrlabl><attalias Sync="TRUE">COWCODE</attalias><attrtype Sync="TRUE">Number</attrtype><attwidth Sync="TRUE">10</attwidth></attr><attr><attrlabl Sync="TRUE">CONTCODE</attrlabl><attalias Sync="TRUE">CONTCODE</attalias><attrtype Sync="TRUE">Number</attrtype><attwidth Sync="TRUE">11</attwidth></attr><attr><attrlabl Sync="TRUE">SITENUM</attrlabl><attalias Sync="TRUE">SITENUM</attalias><attrtype Sync="TRUE">Number</attrtype><attwidth Sync="TRUE">9</attwidth></attr><attr><attrlabl Sync="TRUE">NAME</attrlabl><attalias Sync="TRUE">NAME</attalias><attrtype Sync="TRUE">String</attrtype><attwidth Sync="TRUE">53</attwidth></attr><attr><attrlabl Sync="TRUE">NAMEVAR</attrlabl><attalias Sync="TRUE">NAMEVAR</attalias><attrtype Sync="TRUE">String</attrtype><attwidth Sync="TRUE">52</attwidth></attr><attr><attrlabl Sync="TRUE">NAMEINFO</attrlabl><attalias Sync="TRUE">NAMEINFO</attalias><attrtype Sync="TRUE">String</attrtype><attwidth Sync="TRUE">195</attwidth></attr><attr><attrlabl Sync="TRUE">LAT</attrlabl><attalias Sync="TRUE">LAT</attalias><attrtype Sync="TRUE">Number</attrtype><attwidth Sync="TRUE">10</attwidth><atnumdec Sync="TRUE">2</atnumdec></attr><attr><attrlabl Sync="TRUE">LONG</attrlabl><attalias Sync="TRUE">LONG</attalias><attrtype Sync="TRUE">Number</attrtype><attwidth Sync="TRUE">11</attwidth><atnumdec Sync="TRUE">2</atnumdec></attr><attr><attrlabl Sync="TRUE">LOCDER</attrlabl><attalias Sync="TRUE">LOCDER</attalias><attrtype Sync="TRUE">String</attrtype><attwidth Sync="TRUE">8</attwidth></attr><attr><attrlabl Sync="TRUE">LOCSOURCE</attrlabl><attalias Sync="TRUE">LOCSOURCE</attalias><attrtype Sync="TRUE">String</attrtype><attwidth Sync="TRUE">131</attwidth></attr><attr><attrlabl Sync="TRUE">LANDMARK</attrlabl><attalias Sync="TRUE">LANDMARK</attalias><attrtype Sync="TRUE">String</attrtype><attwidth Sync="TRUE">89</attwidth></attr><attr><attrlabl Sync="TRUE">LOCINFO</attrlabl><attalias Sync="TRUE">LOCINFO</attalias><attrtype Sync="TRUE">String</attrtype><attwidth Sync="TRUE">146</attwidth></attr><attr><attrlabl Sync="TRUE">RES</attrlabl><attalias Sync="TRUE">RES</attalias><attrtype Sync="TRUE">String</attrtype><attwidth Sync="TRUE">4</attwidth></attr><attr><attrlabl Sync="TRUE">RESINFO</attrlabl><attalias Sync="TRUE">RESINFO</attalias><attrtype Sync="TRUE">String</attrtype><attwidth Sync="TRUE">69</attwidth></attr><attr><attrlabl Sync="TRUE">DIAINFO</attrlabl><attalias Sync="TRUE">DIAINFO</attalias><attrtype Sync="TRUE">String</attrtype><attwidth Sync="TRUE">8</attwidth></attr><attr><attrlabl Sync="TRUE">MINEINFO</attrlabl><attalias Sync="TRUE">MINEINFO</attalias><attrtype Sync="TRUE">String</attrtype><attwidth Sync="TRUE">10</attwidth></attr><attr><attrlabl Sync="TRUE">SIZEINFO</attrlabl><attalias Sync="TRUE">SIZEINFO</attalias><attrtype Sync="TRUE">String</attrtype><attwidth Sync="TRUE">68</attwidth></attr><attr><attrlabl Sync="TRUE">DISC</attrlabl><attalias Sync="TRUE">DISC</attalias><attrtype Sync="TRUE">Date</attrtype><attwidth Sync="TRUE">8</attwidth></attr><attr><attrlabl Sync="TRUE">DISCPRES</attrlabl><attalias Sync="TRUE">DISCPRES</attalias><attrtype Sync="TRUE">Number</attrtype><attwidth Sync="TRUE">10</attwidth></attr><attr><attrlabl Sync="TRUE">PROD</attrlabl><attalias Sync="TRUE">PROD</attalias><attrtype Sync="TRUE">String</attrtype><attwidth Sync="TRUE">10</attwidth></attr><attr><attrlabl Sync="TRUE">PRODPRES</attrlabl><attalias Sync="TRUE">PRODPRES</attalias><attrtype Sync="TRUE">Number</attrtype><attwidth Sync="TRUE">11</attwidth></attr><attr><attrlabl Sync="TRUE">DATEINFO</attrlabl><attalias Sync="TRUE">DATEINFO</attalias><attrtype Sync="TRUE">String</attrtype><attwidth Sync="TRUE">202</attwidth></attr><attr><attrlabl Sync="TRUE">OTHERINFO</attrlabl><attalias Sync="TRUE">OTHERINFO</attalias><attrtype Sync="TRUE">String</attrtype><attwidth Sync="TRUE">207</attwidth></attr><attr><attrlabl Sync="TRUE">SOURCEINFO</attrlabl><attalias Sync="TRUE">SOURCEINFO</attalias><attrtype Sync="TRUE">String</attrtype><attwidth Sync="TRUE">114</attwidth></attr><attr><attrlabl Sync="TRUE">VERSION</attrlabl><attalias Sync="TRUE">VERSION</attalias><attrtype Sync="TRUE">String</attrtype><attwidth Sync="TRUE">10</attwidth></attr></detailed></eainfo><mdDateSt Sync="TRUE">20081007</mdDateSt><dataqual><lineage><procstep><procdesc Sync="TRUE">Dataset copied.</procdesc><srcused Sync="TRUE">H:\Prosjekter\Konflikter\Diamanter\DIADATA_1a_Latest\DIADATA_1a_gcs</srcused><date Sync="TRUE">20050512</date><time Sync="TRUE">14321500</time></procstep></lineage></dataqual></metadata>
